listingid,fetch_date,order_date,price,rented
1807848,2021-03-06,2021-05-05,248,True
32008109,2021-04-22,2021-05-05,796,True
31999886,2021-03-05,2021-05-05,580,True
31998674,2021-03-05,2021-05-05,588,True
34009240,2021-03-27,2021-05-05,216,True
34008097,2021-03-27,2021-05-05,216,True
34008057,2021-03-27,2021-05-05,216,True
33941553,2021-03-05,2021-05-05,301,True
35449115,2021-03-27,2021-05-05,750,True
35449115,2021-03-27,2021-05-05,750,True
35371525,2021-03-05,2021-05-05,358,True
35409723,2021-03-05,2021-05-05,1190,True
36907510,2021-04-22,2021-05-05,299,True
36966946,,2021-05-05,399,False
36901596,2021-05-04,2021-05-05,599,True
36901417,2021-03-24,2021-05-05,98,True
38272901,2021-04-30,2021-05-05,208,True
38269337,,2021-05-05,517,False
39324780,2021-03-05,2021-05-05,618,True
39409656,,2021-05-05,168,False
39468854,2021-04-26,2021-05-05,428,True
40101206,,2021-05-05,338,False
40243005,2021-05-05,2021-05-05,393,True
40316037,2021-03-05,2021-05-05,459,True
11567267,2021-03-27,2021-05-05,320,True
11504576,2021-03-06,2021-05-05,268,True
12866327,,2021-05-05,699,False
12573681,2021-04-26,2021-05-05,588,True
12614089,2021-03-27,2021-05-05,398,True
19267536,,2021-05-05,668,False
20095956,2021-03-06,2021-05-05,298,True
20098119,2021-03-06,2021-05-05,490,True
24504325,2021-03-27,2021-05-05,368,True
27969693,2021-03-05,2021-05-05,390,True
27968612,2021-04-17,2021-05-05,388,True
27966324,2021-03-27,2021-05-05,429,True
27913956,2021-03-27,2021-05-05,288,True
31506447,2021-04-08,2021-05-05,231,True
33653011,2021-04-20,2021-05-05,469,True
35887794,2021-03-22,2021-05-05,590,True
36430079,2021-03-27,2021-05-05,204,True
36425755,2021-03-05,2021-05-05,200,True
36425883,2021-03-27,2021-05-05,262,True
37579809,2021-03-05,2021-05-05,337,True
37571916,,2021-05-05,698,False
37835732,2021-05-02,2021-05-05,438,True
38890099,2021-05-01,2021-05-05,463,True
40574116,2021-05-05,2021-05-05,128,True
40582686,,2021-05-05,500,False
40572971,2021-05-01,2021-05-05,688,True
40595510,2021-03-05,2021-05-05,980,True
40568529,,2021-05-05,135,False
41879181,2021-03-16,2021-05-05,499,True
43547031,,2021-05-05,559,False
43528076,2021-04-19,2021-05-05,130,True
43644849,,2021-05-05,240,False
45294551,2021-03-24,2021-05-05,328,True
45267141,,2021-05-05,598,False
45292009,,2021-05-05,288,False
45278084,2021-05-01,2021-05-05,499,True
45276416,2021-03-04,2021-05-05,188,True
46903019,2021-04-20,2021-05-05,379,True
46884611,2021-03-04,2021-05-05,610,True
46687950,,2021-05-05,399,False
47147086,,2021-05-05,170,False
47103813,2021-03-04,2021-05-05,849,True
47103812,2021-03-04,2021-05-05,849,True
47082725,2021-04-04,2021-05-05,1018,True
47081987,,2021-05-05,500,False
47062211,,2021-05-05,328,False
47061878,2021-04-17,2021-05-05,358,True
47043811,2021-04-29,2021-05-05,319,True
47045812,2021-03-04,2021-05-05,350,True
47045148,,2021-05-05,186,False
47051892,,2021-05-05,488,False
47056786,2021-05-05,2021-05-05,170,True
47038985,2021-05-05,2021-05-05,388,True
47037853,2021-03-04,2021-05-05,100,True
47018833,,2021-05-05,998,False
47014128,,2021-05-05,590,False
47016399,2021-04-13,2021-05-05,688,True
46997818,,2021-05-05,500,False
46998621,,2021-05-05,608,False
46998729,,2021-05-05,4988,False
47000120,,2021-05-05,999,False
46990750,,2021-05-05,400,False
46991667,2021-03-04,2021-05-05,849,True
46974594,,2021-05-05,499,False
46976408,,2021-05-05,300,False
46976815,2021-05-05,2021-05-05,1088,True
46980166,,2021-05-05,263,False
46980082,,2021-05-05,250,False
46979746,2021-05-01,2021-05-05,248,True
46953870,,2021-05-05,588,False
46951898,,2021-05-05,499,False
46952152,2021-03-14,2021-05-05,529,True
46952583,2021-03-04,2021-05-05,962,True
46952585,2021-03-04,2021-05-05,962,True
46952695,2021-03-04,2021-05-05,698,True
46952696,2021-03-04,2021-05-05,698,True
46932305,2021-03-04,2021-05-05,605,True
46930414,,2021-05-05,999,False
46907109,2021-04-16,2021-05-05,1008,True
46907322,,2021-05-05,908,False
46907851,,2021-05-05,1111,False
46888060,,2021-05-05,3600,False
46885128,,2021-05-05,918,False
46885438,,2021-05-05,1375,False
46885909,2021-04-10,2021-05-05,2000,True
46885909,2021-04-10,2021-05-05,2000,True
46884617,2021-03-04,2021-05-05,610,True
46885476,,2021-05-05,959,False
46860101,,2021-05-05,200,False
46860528,2021-05-05,2021-05-05,298,True
46862534,,2021-05-05,560,False
46860038,,2021-05-05,715,False
46858359,,2021-05-05,786,False
46820429,,2021-05-05,367,False
46799113,2021-03-04,2021-05-05,424,True
46779157,,2021-05-05,450,False
46784904,,2021-05-05,388,False
46784262,2021-05-02,2021-05-05,457,True
46782853,,2021-05-05,688,False
46783458,,2021-05-05,480,False
46766008,2021-03-20,2021-05-05,880,True
46756464,,2021-05-05,550,False
46758891,,2021-05-05,650,False
46759375,,2021-05-05,359,False
46760719,,2021-05-05,758,False
46761158,,2021-05-05,450,False
46759518,,2021-05-05,400,False
46739187,2021-04-18,2021-05-05,588,True
46721008,,2021-05-05,608,False
46713568,,2021-05-05,368,False
46714682,2021-03-04,2021-05-05,528,True
46714750,,2021-05-05,488,False
46699147,2021-03-26,2021-05-05,558,True
46658123,,2021-05-05,300,False
46663415,2021-03-04,2021-05-05,147,True
46663939,,2021-05-05,716,False
46648337,2021-03-11,2021-05-05,1275,True
46649425,,2021-05-05,258,False
46649307,,2021-05-05,238,False
46652250,,2021-05-05,258,False
46649380,,2021-05-05,238,False
46636927,,2021-05-05,6666,False
46630014,,2021-05-05,399,False
46610221,2021-03-29,2021-05-05,318,True
46611509,,2021-05-05,1200,False
46572111,,2021-05-05,1580,False
46590334,2021-03-29,2021-05-05,318,True
46586730,2021-04-24,2021-05-05,354,True
46555239,,2021-05-05,429,False
46560542,2021-04-26,2021-05-05,533,True
46537415,2021-05-01,2021-05-05,288,True
46551597,,2021-05-05,339,False
46552070,2021-04-18,2021-05-05,339,True
46551930,,2021-05-05,339,False
46551683,,2021-05-05,339,False
46517207,,2021-05-05,339,False
46517740,,2021-05-05,299,False
46518059,,2021-05-05,339,False
46518683,2021-04-09,2021-05-05,378,True
46516847,,2021-05-05,339,False
46516882,,2021-05-05,418,False
46514700,,2021-05-05,388,False
46513562,2021-04-19,2021-05-05,538,True
46513706,2021-05-01,2021-05-05,288,True
46493296,,2021-05-05,498,False
46462717,2021-04-07,2021-05-05,148,True
46438284,2021-03-21,2021-05-05,249,True
46420337,,2021-05-05,600,False
46435423,2021-05-05,2021-05-05,333,True
46435423,2021-05-05,2021-05-05,333,True
46419476,2021-05-05,2021-05-05,328,True
46435160,2021-04-16,2021-05-05,588,True
46421470,2021-05-05,2021-05-05,590,True
46408020,2021-05-05,2021-05-05,780,True
46390262,,2021-05-05,450,False
46379716,2021-04-29,2021-05-05,566,True
46400865,,2021-05-05,400,False
46383390,2021-04-27,2021-05-05,328,True
46385168,,2021-05-05,650,False
46329654,2021-03-04,2021-05-05,1388,True
46344253,2021-03-04,2021-05-05,338,True
46304198,,2021-05-05,220,False
46304100,,2021-05-05,150,False
46300086,2021-05-02,2021-05-05,398,True
46299897,2021-03-28,2021-05-05,528,True
46264656,2021-05-05,2021-05-05,499,True
46282976,,2021-05-05,680,False
46228568,2021-04-10,2021-05-05,248,True
46230041,,2021-05-05,218,False
46204633,,2021-05-05,499,False
46206704,2021-03-16,2021-05-05,278,True
46207619,,2021-05-05,959,False
46209146,,2021-05-05,628,False
46225148,2021-03-23,2021-05-05,408,True
46207605,2021-03-04,2021-05-05,1019,True
46207960,2021-04-16,2021-05-05,558,True
46171253,2021-03-04,2021-05-05,588,True
46184190,2021-05-05,2021-05-05,590,True
46183999,2021-04-26,2021-05-05,588,True
46181898,2021-05-04,2021-05-05,328,True
46161042,2021-05-05,2021-05-05,350,True
46163151,,2021-05-05,350,False
46143127,2021-03-29,2021-05-05,240,True
46143332,,2021-05-05,288,False
46143737,,2021-05-05,400,False
46126240,,2021-05-05,300,False
46113267,2021-05-05,2021-05-05,299,True
46129498,,2021-05-05,499,False
46129268,2021-04-07,2021-05-05,299,True
46110519,,2021-05-05,208,False
46110368,,2021-05-05,238,False
46093857,2021-04-07,2021-05-05,426,True
46076265,2021-04-13,2021-05-05,338,True
46078151,2021-04-23,2021-05-05,2200,True
46040797,,2021-05-05,334,False
46043398,,2021-05-05,333,False
46043524,,2021-05-05,433,False
46058268,,2021-05-05,579,False
46043786,,2021-05-05,699,False
46058467,2021-04-22,2021-05-05,679,True
46027863,,2021-05-05,285,False
46016047,2021-03-09,2021-05-05,1047,True
46016098,2021-03-08,2021-05-05,926,True
46016426,2021-03-04,2021-05-05,770,True
46032643,2021-03-28,2021-05-05,528,True
46003011,2021-04-11,2021-05-05,799,True
46003354,2021-05-03,2021-05-05,350,True
46003480,,2021-05-05,579,False
45978513,2021-03-31,2021-05-05,528,True
45989104,2021-05-03,2021-05-05,325,True
45981250,,2021-05-05,137,False
45977256,,2021-05-05,799,False
45981138,,2021-05-05,389,False
45979936,2021-03-04,2021-05-05,388,True
45962400,2021-04-29,2021-05-05,258,True
45961198,2021-04-07,2021-05-05,208,True
45922742,,2021-05-05,286,False
45945502,,2021-05-05,650,False
45931083,2021-03-04,2021-05-05,298,True
45935145,2021-04-27,2021-05-05,1298,True
45902311,2021-03-24,2021-05-05,334,True
45915114,2021-05-05,2021-05-05,236,True
45907681,2021-03-04,2021-05-05,230,True
45905530,,2021-05-05,200,False
45908454,2021-04-18,2021-05-05,198,True
45908137,,2021-05-05,858,False
45890218,2021-05-04,2021-05-05,409,True
45891262,2021-04-22,2021-05-05,450,True
45874830,,2021-05-05,618,False
45886788,,2021-05-05,250,False
45885745,2021-04-22,2021-05-05,288,True
45867330,2021-05-05,2021-05-05,267,True
45871969,,2021-05-05,209,False
45871439,2021-04-08,2021-05-05,228,True
45855535,2021-03-04,2021-05-05,428,True
45856307,2021-04-16,2021-05-05,1000,True
45857221,,2021-05-05,180,False
45839368,2021-04-13,2021-05-05,598,True
45831191,,2021-05-05,188,False
45819719,2021-03-04,2021-05-05,889,True
45830751,2021-05-05,2021-05-05,206,True
45782253,2021-03-10,2021-05-05,296,True
45788055,2021-05-05,2021-05-05,518,True
45788736,2021-05-03,2021-05-05,971,True
45778290,2021-05-05,2021-05-05,197,True
45778032,,2021-05-05,438,False
45759369,2021-04-28,2021-05-05,292,True
45745565,2021-04-30,2021-05-05,358,True
45757291,,2021-05-05,389,False
45757217,,2021-05-05,400,False
45757437,2021-04-09,2021-05-05,229,True
45758152,,2021-05-05,188,False
45758403,,2021-05-05,600,False
45729681,,2021-05-05,568,False
45725196,2021-04-06,2021-05-05,688,True
45728105,,2021-05-05,399,False
45697212,2021-05-03,2021-05-05,265,True
45704856,2021-03-04,2021-05-05,288,True
45703835,2021-04-29,2021-05-05,262,True
45691263,2021-03-14,2021-05-05,888,True
45692012,2021-03-14,2021-05-05,888,True
45693538,2021-05-05,2021-05-05,235,True
45693848,,2021-05-05,234,False
45693728,,2021-05-05,200,False
45677772,2021-03-04,2021-05-05,350,True
45680161,2021-05-04,2021-05-05,888,True
45650741,2021-03-04,2021-05-05,1333,True
45650996,2021-03-04,2021-05-05,333,True
45641268,,2021-05-05,495,False
45641612,2021-04-26,2021-05-05,1529,True
45644318,2021-03-24,2021-05-05,700,True
45625999,,2021-05-05,999,False
45618702,,2021-05-05,498,False
45609814,,2021-05-05,458,False
45609911,,2021-05-05,458,False
45601623,,2021-05-05,249,False
45602219,,2021-05-05,220,False
45591862,,2021-05-05,1188,False
45592168,,2021-05-05,498,False
45591795,,2021-05-05,439,False
45587575,,2021-05-05,888,False
45569818,2021-03-14,2021-05-05,557,True
45570434,2021-03-14,2021-05-05,557,True
45552276,,2021-05-05,398,False
45552382,2021-03-14,2021-05-05,450,True
45553097,2021-05-04,2021-05-05,557,True
45553855,2021-03-14,2021-05-05,557,True
45552629,2021-03-16,2021-05-05,450,True
45550847,2021-05-04,2021-05-05,980,True
45550847,2021-05-04,2021-05-05,980,True
45540694,2021-04-06,2021-05-05,119,True
45534101,2021-05-05,2021-05-05,650,True
45531757,2021-04-22,2021-05-05,2222,True
45525437,2021-05-04,2021-05-05,628,True
45512632,,2021-05-05,485,False
45519112,2021-04-22,2021-05-05,699,True
45508356,,2021-05-05,780,False
45491267,2021-03-14,2021-05-05,680,True
45491519,2021-03-14,2021-05-05,680,True
45491640,2021-03-14,2021-05-05,598,True
45492447,2021-04-06,2021-05-05,599,True
45497675,,2021-05-05,300,False
45497878,,2021-05-05,699,False
45485175,,2021-05-05,588,False
45487026,,2021-05-05,205,False
45489325,2021-03-11,2021-05-05,256,True
45474779,2021-04-29,2021-05-05,190,True
45476036,2021-05-01,2021-05-05,218,True
45464802,2021-04-27,2021-05-05,235,True
45472809,2021-04-05,2021-05-05,368,True
45471439,,2021-05-05,400,False
45458947,,2021-05-05,869,False
45460801,,2021-05-05,266,False
45448743,2021-04-06,2021-05-05,109,True
45456240,,2021-05-05,350,False
45440751,2021-05-05,2021-05-05,359,True
45428006,,2021-05-05,800,False
45424735,,2021-05-05,500,False
45413482,,2021-05-05,300,False
45407506,2021-03-04,2021-05-05,240,True
45407966,,2021-05-05,318,False
45403326,2021-03-04,2021-05-05,498,True
45404602,2021-04-20,2021-05-05,288,True
45387782,2021-05-05,2021-05-05,600,True
45369284,,2021-05-05,666,False
45371814,,2021-05-05,8000,False
45369437,2021-05-05,2021-05-05,534,True
45355388,2021-03-19,2021-05-05,488,True
45355414,,2021-05-05,315,False
45356814,2021-04-08,2021-05-05,190,True
45354503,2021-04-08,2021-05-05,888,True
45338725,2021-04-27,2021-05-05,1298,True
45341117,2021-05-01,2021-05-05,570,True
45318281,,2021-05-05,349,False
45305312,,2021-05-05,600,False
45280793,2021-05-05,2021-05-05,255,True
45295001,2021-05-05,2021-05-05,160,True
45297704,2021-04-26,2021-05-05,457,True
45246347,2021-03-04,2021-05-05,329,True
45260963,2021-04-22,2021-05-05,239,True
45233710,2021-04-26,2021-05-05,169,True
45224365,,2021-05-05,888,False
45208802,2021-03-04,2021-05-05,528,True
45210027,2021-04-27,2021-05-05,488,True
45210337,,2021-05-05,175,False
45195976,2021-03-11,2021-05-05,387,True
45196797,,2021-05-05,300,False
45165244,,2021-05-05,333,False
45164071,2021-04-26,2021-05-05,419,True
45147018,2021-04-11,2021-05-05,248,True
45148042,,2021-05-05,328,False
45164790,,2021-05-05,200,False
45105112,,2021-05-05,428,False
45105663,,2021-05-05,658,False
45092540,2021-04-13,2021-05-05,399,True
45107969,2021-05-05,2021-05-05,210,True
45108549,,2021-05-05,185,False
45108617,,2021-05-05,122,False
45108514,2021-03-04,2021-05-05,358,True
45108465,2021-05-01,2021-05-05,248,True
45092002,2021-05-01,2021-05-05,499,True
45059445,2021-03-04,2021-05-05,378,True
45046254,2021-04-02,2021-05-05,410,True
45056104,,2021-05-05,500,False
45054954,,2021-05-05,500,False
45058299,,2021-05-05,190,False
45059888,2021-04-22,2021-05-05,337,True
45060574,2021-05-03,2021-05-05,200,True
45060364,,2021-05-05,400,False
45064715,,2021-05-05,1288,False
45003852,2021-04-11,2021-05-05,248,True
44983831,2021-04-20,2021-05-05,210,True
44972727,2021-04-03,2021-05-05,368,True
44988448,2021-04-20,2021-05-05,210,True
44987867,2021-05-05,2021-05-05,160,True
44836873,2021-05-05,2021-05-05,70,True
44835620,2021-04-28,2021-05-05,368,True
44788829,2021-05-05,2021-05-05,488,True
44736692,2021-05-01,2021-05-05,630,True
44825504,2021-04-08,2021-05-05,258,True
44689897,,2021-05-05,539,False
44690602,2021-03-05,2021-05-05,562,True
44734484,,2021-05-05,700,False
44721893,,2021-05-05,388,False
44697989,,2021-05-05,368,False
44690677,2021-04-22,2021-05-05,316,True
44712852,,2021-05-05,250,False
44666795,,2021-05-05,499,False
44686769,,2021-05-05,584,False
44686723,,2021-05-05,584,False
44687157,,2021-05-05,659,False
44689414,2021-04-22,2021-05-05,699,True
44676165,,2021-05-05,78000,False
44673271,2021-04-08,2021-05-05,218,True
44657979,2021-05-04,2021-05-05,322,True
44648676,2021-05-05,2021-05-05,153,True
44634229,2021-03-31,2021-05-05,580,True
44637689,,2021-05-05,518,False
44637916,2021-04-08,2021-05-05,225,True
44623323,2021-05-01,2021-05-05,178,True
44623486,2021-05-05,2021-05-05,720,True
44610801,2021-04-24,2021-05-05,326,True
44608788,2021-04-02,2021-05-05,698,True
44617124,,2021-05-05,300,False
44583859,2021-03-05,2021-05-05,259,True
44584481,2021-04-01,2021-05-05,698,True
44587912,,2021-05-05,300,False
44589263,,2021-05-05,250,False
44591833,2021-04-26,2021-05-05,339,True
44597319,,2021-05-05,350,False
44598637,,2021-05-05,198,False
44583798,,2021-05-05,338,False
44582286,2021-05-05,2021-05-05,288,True
44569051,,2021-05-05,399,False
44562792,2021-05-05,2021-05-05,268,True
44562913,2021-04-27,2021-05-05,488,True
44564443,2021-04-26,2021-05-05,387,True
44564589,,2021-05-05,328,False
44564706,,2021-05-05,447,False
44543848,2021-03-05,2021-05-05,562,True
44551223,,2021-05-05,288,False
44546395,,2021-05-05,180,False
44525877,2021-05-05,2021-05-05,179,True
44521225,,2021-05-05,275,False
44507496,,2021-05-05,400,False
44513095,2021-05-05,2021-05-05,189,True
44508022,,2021-05-05,279,False
44494024,2021-05-05,2021-05-05,152,True
44497907,,2021-05-05,700,False
44498711,,2021-05-05,188,False
44498675,,2021-05-05,700,False
44500840,,2021-05-05,688,False
44480844,,2021-05-05,600,False
44468889,,2021-05-05,259,False
44454076,2021-04-27,2021-05-05,398,True
44456996,2021-04-19,2021-05-05,699,True
44436913,2021-03-05,2021-05-05,880,True
44449947,,2021-05-05,298,False
44450765,2021-03-05,2021-05-05,559,True
44435725,2021-05-03,2021-05-05,660,True
44409885,,2021-05-05,499,False
44412582,2021-05-05,2021-05-05,550,True
44397639,2021-05-05,2021-05-05,200,True
44383955,,2021-05-05,290,False
44399362,,2021-05-05,233,False
44390084,2021-04-09,2021-05-05,788,True
44362421,2021-04-11,2021-05-05,120,True
44381789,,2021-05-05,208,False
44382435,,2021-05-05,358,False
44367534,,2021-05-05,240,False
44370935,2021-04-11,2021-05-05,248,True
44367588,,2021-05-05,448,False
44346109,2021-05-03,2021-05-05,400,True
44330815,2021-03-16,2021-05-05,188,True
44341075,2021-04-04,2021-05-05,159,True
44344686,,2021-05-05,165,False
44323508,,2021-05-05,279,False
44325486,2021-03-20,2021-05-05,399,True
44273864,2021-05-05,2021-05-05,260,True
44283482,,2021-05-05,240,False
44273864,2021-05-05,2021-05-05,260,True
44283482,,2021-05-05,240,False
44284050,,2021-05-05,233,False
44269118,,2021-05-05,183,False
44283874,,2021-05-05,235,False
44269518,,2021-05-05,584,False
44270484,,2021-05-05,280,False
44272147,,2021-05-05,235,False
44256666,,2021-05-05,267,False
44252466,2021-03-05,2021-05-05,388,True
44214348,,2021-05-05,250,False
44238882,,2021-05-05,317,False
44199086,2021-05-05,2021-05-05,320,True
44186156,,2021-05-05,138,False
44201445,,2021-05-05,233,False
44199895,,2021-05-05,233,False
44202049,2021-03-23,2021-05-05,120,True
44188608,,2021-05-05,233,False
44172547,2021-04-28,2021-05-05,450,True
44177735,,2021-05-05,500,False
44181930,,2021-05-05,250,False
44181933,,2021-05-05,518,False
44182946,,2021-05-05,400,False
44164424,,2021-05-05,250,False
44164397,2021-05-05,2021-05-05,226,True
44170896,,2021-05-05,240,False
44171216,2021-05-03,2021-05-05,280,True
44154394,,2021-05-05,2299,False
44154925,,2021-05-05,350,False
44138989,,2021-05-05,83,False
44157086,,2021-05-05,2299,False
44141960,2021-03-05,2021-05-05,1190,True
44143482,,2021-05-05,328,False
44128255,,2021-05-05,299,False
44131570,,2021-05-05,300,False
44106003,2021-04-20,2021-05-05,228,True
44092201,2021-04-27,2021-05-05,668,True
44082645,,2021-05-05,592,False
44079794,2021-03-29,2021-05-05,588,True
44076455,,2021-05-05,2400,False
44079194,2021-04-10,2021-05-05,448,True
44076558,,2021-05-05,200,False
44069903,,2021-05-05,300,False
44069910,,2021-05-05,103,False
44052604,2021-05-05,2021-05-05,650,True
44051963,,2021-05-05,110,False
44053323,2021-05-05,2021-05-05,308,True
44052568,2021-04-26,2021-05-05,600,True
44054584,2021-04-28,2021-05-05,300,True
44055007,,2021-05-05,300,False
44055097,2021-05-05,2021-05-05,300,True
44056582,2021-05-05,2021-05-05,400,True
44056659,2021-05-05,2021-05-05,337,True
44040770,2021-04-21,2021-05-05,550,True
44051455,2021-05-05,2021-05-05,400,True
44049713,,2021-05-05,1599,False
44051391,,2021-05-05,270,False
44033621,,2021-05-05,278,False
44033725,2021-05-05,2021-05-05,298,True
44019416,2021-04-28,2021-05-05,188,True
44004896,2021-05-05,2021-05-05,479,True
44005934,2021-03-11,2021-05-05,609,True
44005804,2021-03-05,2021-05-05,399,True
44006525,,2021-05-05,439,False
44006913,2021-03-13,2021-05-05,358,True
44006946,2021-04-19,2021-05-05,988,True
44010013,2021-03-05,2021-05-05,368,True
43990266,2021-03-05,2021-05-05,558,True
43991243,,2021-05-05,699,False
44006617,,2021-05-05,340,False
43994376,2021-04-20,2021-05-05,168,True
43995648,2021-05-05,2021-05-05,400,True
43996173,,2021-05-05,300,False
43963964,2021-04-26,2021-05-05,297,True
43971287,,2021-05-05,299,False
43972328,2021-03-05,2021-05-05,558,True
43972487,2021-03-05,2021-05-05,388,True
43972453,2021-03-05,2021-05-05,508,True
43951931,,2021-05-05,869,False
43953836,,2021-05-05,1549,False
43954815,,2021-05-05,299,False
43960950,,2021-05-05,185,False
43952691,,2021-05-05,659,False
43961156,2021-04-13,2021-05-05,450,True
43920923,2021-03-24,2021-05-05,788,True
43921975,2021-05-05,2021-05-05,479,True
43934222,,2021-05-05,100,False
43917997,2021-05-05,2021-05-05,479,True
43918509,,2021-05-05,299,False
43893428,2021-03-05,2021-05-05,199,True
43903987,2021-03-20,2021-05-05,180,True
43878500,2021-03-05,2021-05-05,110,True
43867482,2021-05-05,2021-05-05,310,True
43854343,,2021-05-05,240,False
43854840,,2021-05-05,290,False
43857459,,2021-05-05,321,False
43794703,2021-05-04,2021-05-05,270,True
43771326,2021-05-05,2021-05-05,280,True
43774152,,2021-05-05,298,False
43774026,2021-05-04,2021-05-05,560,True
43748133,,2021-05-05,300,False
43747232,2021-05-05,2021-05-05,300,True
43749938,,2021-05-05,320,False
43764792,,2021-05-05,469,False
43764792,,2021-05-05,469,False
43738179,,2021-05-05,340,False
43731071,2021-04-22,2021-05-05,275,True
43692233,2021-05-05,2021-05-05,399,True
43693272,,2021-05-05,267,False
43684177,2021-04-28,2021-05-05,198,True
43683077,,2021-05-05,358,False
43669478,2021-03-05,2021-05-05,687,True
43669737,2021-04-23,2021-05-05,988,True
43670132,,2021-05-05,959,False
43670352,2021-03-05,2021-05-05,499,True
43670946,2021-04-23,2021-05-05,988,True
43680396,,2021-05-05,330,False
43657525,2021-04-20,2021-05-05,659,True
43659223,2021-05-05,2021-05-05,598,True
43630181,,2021-05-05,349,False
43618449,2021-04-22,2021-05-05,796,True
43615438,2021-04-15,2021-05-05,1039,True
43610050,2021-05-05,2021-05-05,202,True
43599577,2021-03-06,2021-05-05,150,True
43584904,2021-04-24,2021-05-05,499,True
43571008,,2021-05-05,599,False
43584646,2021-03-05,2021-05-05,498,True
43560296,2021-03-05,2021-05-05,219,True
43560110,,2021-05-05,513,False
43547296,2021-04-20,2021-05-05,659,True
43548756,,2021-05-05,498,False
43541012,2021-04-20,2021-05-05,659,True
43519916,2021-05-03,2021-05-05,650,True
43523811,2021-05-05,2021-05-05,288,True
43531987,,2021-05-05,499,False
43511829,2021-04-15,2021-05-05,495,True
43519264,2021-05-05,2021-05-05,310,True
43504399,,2021-05-05,800,False
43508989,,2021-05-05,1288,False
43492372,2021-03-11,2021-05-05,1288,True
43455144,2021-05-03,2021-05-05,650,True
43444701,2021-05-03,2021-05-05,528,True
43461238,2021-03-24,2021-05-05,489,True
43461253,2021-03-24,2021-05-05,518,True
43439955,2021-04-06,2021-05-05,468,True
43439955,2021-04-06,2021-05-05,468,True
43439955,2021-04-06,2021-05-05,468,True
43429547,2021-03-24,2021-05-05,306,True
43426031,2021-03-24,2021-05-05,506,True
43406964,2021-03-04,2021-05-05,249,True
43424180,,2021-05-05,568,False
43407719,,2021-05-05,408,False
43399430,,2021-05-05,69,False
43392676,2021-04-20,2021-05-05,300,True
43383308,,2021-05-05,640,False
43383501,2021-03-05,2021-05-05,550,True
43375555,2021-04-14,2021-05-05,629,True
43346686,2021-03-21,2021-05-05,160,True
43336734,,2021-05-05,150,False
43353654,2021-05-05,2021-05-05,130,True
43329004,2021-04-30,2021-05-05,598,True
43330150,2021-05-03,2021-05-05,190,True
43317708,,2021-05-05,298,False
43319819,2021-03-05,2021-05-05,618,True
43319866,2021-03-05,2021-05-05,768,True
43320003,2021-03-05,2021-05-05,698,True
43308242,2021-03-10,2021-05-05,397,True
43315904,,2021-05-05,7000,False
43319926,2021-03-05,2021-05-05,698,True
43319926,2021-03-05,2021-05-05,698,True
43303009,,2021-05-05,638,False
43303938,,2021-05-05,638,False
43304206,,2021-05-05,638,False
43305792,,2021-05-05,1180,False
43299022,2021-03-05,2021-05-05,389,True
43288989,2021-05-05,2021-05-05,899,True
43279439,2021-05-05,2021-05-05,500,True
43271861,2021-05-01,2021-05-05,899,True
43251885,2021-04-22,2021-05-05,188,True
43252107,2021-04-22,2021-05-05,188,True
43240094,2021-04-07,2021-05-05,208,True
43224845,,2021-05-05,230,False
43227456,,2021-05-05,599,False
43216370,2021-03-05,2021-05-05,1299,True
43191019,2021-03-05,2021-05-05,289,True
43181057,2021-04-26,2021-05-05,400,True
43181010,,2021-05-05,300,False
43181153,,2021-05-05,450,False
43181086,,2021-05-05,350,False
43181177,,2021-05-05,400,False
43181226,,2021-05-05,400,False
43168792,2021-04-14,2021-05-05,629,True
43171560,,2021-05-05,389,False
43167630,2021-04-14,2021-05-05,629,True
43173998,,2021-05-05,1099,False
43167224,2021-04-30,2021-05-05,399,True
43163630,,2021-05-05,180,False
43151016,,2021-05-05,280,False
43136580,2021-05-03,2021-05-05,378,True
43113862,2021-05-01,2021-05-05,129,True
43109129,2021-04-30,2021-05-05,399,True
43105606,,2021-05-05,500,False
43106166,2021-04-30,2021-05-05,399,True
43107381,2021-03-31,2021-05-05,268,True
43091552,,2021-05-05,210,False
43093652,,2021-05-05,259,False
43098101,,2021-05-05,988,False
43100426,2021-04-19,2021-05-05,208,True
43088770,2021-04-27,2021-05-05,80,True
43081856,2021-04-20,2021-05-05,308,True
43076774,,2021-05-05,70000,False
43056558,2021-05-05,2021-05-05,222,True
43056599,2021-05-05,2021-05-05,228,True
43056758,2021-05-05,2021-05-05,275,True
43062886,,2021-05-05,402,False
43014616,2021-04-13,2021-05-05,260,True
43015818,,2021-05-05,974,False
42978298,,2021-05-05,190,False
42990357,,2021-05-05,283,False
42970923,,2021-05-05,230,False
42917531,2021-04-26,2021-05-05,72,True
42910322,,2021-05-05,1488,False
42887044,,2021-05-05,230,False
42891069,2021-04-02,2021-05-05,199,True
42894731,2021-04-07,2021-05-05,150,True
42844795,2021-04-27,2021-05-05,435,True
42751175,2021-04-23,2021-05-05,350,True
42746818,2021-03-05,2021-05-05,568,True
42747785,2021-05-05,2021-05-05,200,True
42765654,2021-05-05,2021-05-05,399,True
42649136,2021-04-22,2021-05-05,160,True
42649727,2021-03-18,2021-05-05,160,True
42632286,,2021-05-05,210,False
42611658,,2021-05-05,150,False
42589662,,2021-05-05,223,False
42553550,,2021-05-05,613,False
42521905,2021-04-23,2021-05-05,579,True
42544578,2021-03-29,2021-05-05,799,True
42544429,,2021-05-05,799,False
42544533,,2021-05-05,2888,False
42497927,,2021-05-05,340,False
42544724,2021-04-14,2021-05-05,659,True
42497531,2021-04-20,2021-05-05,579,True
42475565,,2021-05-05,580,False
42475386,,2021-05-05,160,False
42477095,2021-04-29,2021-05-05,629,True
42479228,,2021-05-05,366,False
42437877,,2021-05-05,200,False
42418711,,2021-05-05,2799,False
42419687,,2021-05-05,630,False
42419687,,2021-05-05,630,False
42421110,2021-05-05,2021-05-05,634,True
42367364,,2021-05-05,116,False
42300111,2021-05-05,2021-05-05,450,True
42235395,2021-05-04,2021-05-05,988,True
42220735,2021-05-05,2021-05-05,240,True
42162601,,2021-05-05,633,False
42126033,,2021-05-05,119,False
42075406,,2021-05-05,100,False
42079191,,2021-05-05,84,False
42081229,,2021-05-05,84,False
41991899,,2021-05-05,240,False
41965611,2021-04-16,2021-05-05,228,True
41891279,2021-03-27,2021-05-05,512,True
41725173,2021-03-28,2021-05-05,373,True
41690478,2021-04-22,2021-05-05,236,True
41675605,2021-03-25,2021-05-05,788,True
41670491,2021-03-27,2021-05-05,208,True
41613153,2021-04-16,2021-05-05,315,True
41629468,,2021-05-05,276,False
41622602,2021-05-03,2021-05-05,600,True
41583139,2021-03-27,2021-05-05,385,True
41601950,2021-04-01,2021-05-05,328,True
41594901,,2021-05-05,450,False
41598363,2021-04-29,2021-05-05,306,True
41598450,2021-03-05,2021-05-05,419,True
41566766,2021-03-05,2021-05-05,389,True
41576960,2021-03-27,2021-05-05,369,True
41552771,2021-04-06,2021-05-05,208,True
41541851,2021-04-24,2021-05-05,366,True
41520023,,2021-05-05,6666,False
41520124,,2021-05-05,360,False
41486644,2021-04-22,2021-05-05,579,True
41468205,,2021-05-05,600,False
41479441,2021-04-06,2021-05-05,70,True
41482864,2021-05-03,2021-05-05,3800,True
41437886,,2021-05-05,389,False
41410891,,2021-05-05,420,False
41412245,,2021-05-05,300,False
41412714,,2021-05-05,508,False
41417285,2021-05-05,2021-05-05,350,True
41394389,2021-04-24,2021-05-05,210,True
41395727,,2021-05-05,629,False
41384781,2021-04-04,2021-05-05,5000,True
41386041,,2021-05-05,434,False
41386578,2021-04-14,2021-05-05,325,True
41378515,,2021-05-05,335,False
41357547,,2021-05-05,629,False
41383080,,2021-05-05,259,False
41359678,2021-05-05,2021-05-05,4999,True
41335066,,2021-05-05,629,False
41352814,,2021-05-05,220,False
41327602,,2021-05-05,629,False
41334515,,2021-05-05,579,False
41323127,2021-03-05,2021-05-05,560,True
41302873,,2021-05-05,1100,False
41306148,,2021-05-05,588,False
41296400,2021-04-23,2021-05-05,400,True
41298304,2021-03-05,2021-05-05,269,True
41301154,,2021-05-05,449,False
41280196,,2021-05-05,418,False
41249198,,2021-05-05,600,False
41275107,,2021-05-05,129,False
41252323,2021-03-05,2021-05-05,188,True
41204831,2021-04-24,2021-05-05,419,True
41214730,,2021-05-05,400,False
41195656,,2021-05-05,798,False
41185458,,2021-05-05,136,False
41161506,2021-05-05,2021-05-05,508,True
41164609,,2021-05-05,460,False
41137740,,2021-05-05,599,False
41137948,2021-03-05,2021-05-05,988,True
41137414,,2021-05-05,1988,False
41137774,2021-05-05,2021-05-05,500,True
41102368,2021-05-05,2021-05-05,298,True
41113236,2021-05-05,2021-05-05,400,True
41113308,,2021-05-05,220,False
41092086,2021-04-12,2021-05-05,558,True
41069339,,2021-05-05,373,False
41038330,2021-04-16,2021-05-05,658,True
41043124,,2021-05-05,299,False
41034927,,2021-05-05,470,False
41033858,2021-04-06,2021-05-05,698,True
41034666,,2021-05-05,308,False
40996355,2021-04-06,2021-05-05,72,True
40996959,,2021-05-05,400,False
40995378,2021-04-30,2021-05-05,428,True
40994224,,2021-05-05,1000,False
40992513,,2021-05-05,150,False
40976836,2021-04-18,2021-05-05,245,True
40972386,,2021-05-05,350,False
40972305,2021-04-22,2021-05-05,579,True
40972785,,2021-05-05,579,False
40952071,,2021-05-05,898,False
40952246,,2021-05-05,579,False
40952069,2021-04-21,2021-05-05,579,True
40931005,2021-04-06,2021-05-05,598,True
40930971,2021-04-11,2021-05-05,799,True
40930154,,2021-05-05,579,False
40930028,2021-04-22,2021-05-05,579,True
40882586,2021-04-07,2021-05-05,1399,True
40882691,2021-03-10,2021-05-05,518,True
40885184,2021-03-12,2021-05-05,799,True
40899006,2021-03-23,2021-05-05,399,True
40850295,,2021-05-05,424,False
40872925,2021-03-28,2021-05-05,373,True
40850709,,2021-05-05,374,False
40854059,2021-05-05,2021-05-05,300,True
40815406,2021-04-30,2021-05-05,598,True
40805974,,2021-05-05,400,False
40788700,2021-04-20,2021-05-05,195,True
40787276,2021-04-30,2021-05-05,379,True
40745326,2021-05-05,2021-05-05,540,True
40761077,2021-04-20,2021-05-05,228,True
40717691,2021-04-30,2021-05-05,888,True
40717826,2021-05-01,2021-05-05,379,True
40742746,2021-05-01,2021-05-05,379,True
40733211,2021-05-01,2021-05-05,379,True
40735560,2021-04-30,2021-05-05,379,True
40711172,2021-04-10,2021-05-05,646,True
40712297,2021-03-24,2021-05-05,358,True
40713831,2021-05-03,2021-05-05,458,True
40668231,2021-03-05,2021-05-05,199,True
40686673,2021-04-19,2021-05-05,528,True
40687056,,2021-05-05,236,False
40684470,,2021-05-05,399,False
40680884,,2021-05-05,588,False
40658998,,2021-05-05,40000,False
40623383,2021-04-22,2021-05-05,588,True
40639836,2021-04-27,2021-05-05,1588,True
40596761,2021-04-22,2021-05-05,512,True
40600315,2021-04-21,2021-05-05,195,True
40526443,2021-05-05,2021-05-05,758,True
40525291,2021-03-06,2021-05-05,292,True
40540202,,2021-05-05,8888,False
40490631,2021-05-05,2021-05-05,450,True
40501356,,2021-05-05,9999,False
40473077,,2021-05-05,560,False
40460981,2021-04-22,2021-05-05,528,True
40456750,2021-03-06,2021-05-05,499,True
40434920,2021-04-20,2021-05-05,518,True
40434949,2021-05-01,2021-05-05,588,True
40447178,,2021-05-05,974,False
40414539,2021-05-05,2021-05-05,3000,True
40418320,,2021-05-05,199,False
40431268,2021-05-03,2021-05-05,498,True
40351146,,2021-05-05,16800,False
40351505,,2021-05-05,3800,False
40351477,,2021-05-05,500,False
40355997,2021-05-03,2021-05-05,259,True
40356893,,2021-05-05,339,False
40313865,2021-05-04,2021-05-05,1295,True
40315015,2021-05-05,2021-05-05,858,True
40301347,2021-04-20,2021-05-05,512,True
40282296,2021-05-03,2021-05-05,209,True
40246502,2021-04-18,2021-05-05,180,True
40249809,2021-04-15,2021-05-05,288,True
40211504,2021-04-24,2021-05-05,258,True
40215556,2021-04-18,2021-05-05,168,True
40217544,2021-04-28,2021-05-05,135,True
40183800,,2021-05-05,588,False
40184330,,2021-05-05,588,False
40158529,,2021-05-05,899,False
40154479,2021-03-05,2021-05-05,368,True
40155259,,2021-05-05,220,False
40161376,2021-04-22,2021-05-05,588,True
40099306,,2021-05-05,250,False
40107971,,2021-05-05,568,False
40122312,,2021-05-05,160,False
40118772,2021-03-05,2021-05-05,888,True
40076525,2021-04-22,2021-05-05,199,True
40056803,2021-03-05,2021-05-05,498,True
40038833,2021-03-21,2021-05-05,288,True
40039437,2021-03-21,2021-05-05,328,True
40038380,2021-03-21,2021-05-05,328,True
40040023,2021-04-29,2021-05-05,212,True
40039965,2021-03-31,2021-05-05,500,True
40017464,,2021-05-05,1588,False
40018022,,2021-05-05,535,False
40019622,,2021-05-05,532,False
40019942,,2021-05-05,458,False
40019814,,2021-05-05,328,False
39996815,,2021-05-05,280,False
39998930,2021-03-20,2021-05-05,300,True
39983611,2021-04-26,2021-05-05,88,True
39997018,,2021-05-05,400,False
39983577,,2021-05-05,700,False
39993411,,2021-05-05,666,False
39992888,,2021-05-05,460,False
39972904,2021-04-29,2021-05-05,629,True
39974289,2021-05-03,2021-05-05,345,True
39974938,2021-05-04,2021-05-05,120,True
39974595,2021-04-29,2021-05-05,629,True
39956153,2021-04-02,2021-05-05,120,True
39963422,2021-04-29,2021-05-05,629,True
39939460,2021-04-18,2021-05-05,498,True
39954602,,2021-05-05,300,False
39933038,,2021-05-05,199,False
39936934,,2021-05-05,980,False
39936978,,2021-05-05,399,False
39912472,2021-04-29,2021-05-05,999,True
39912739,2021-04-30,2021-05-05,529,True
39926862,,2021-05-05,500,False
39904328,2021-04-01,2021-05-05,568,True
39906836,,2021-05-05,388,False
39846357,,2021-05-05,278,False
39847189,,2021-05-05,600,False
39820878,,2021-05-05,800,False
39821130,,2021-05-05,1188,False
39810099,,2021-05-05,350,False
39820833,,2021-05-05,700,False
39805201,,2021-05-05,700,False
39785892,,2021-05-05,500,False
39784834,2021-05-05,2021-05-05,458,True
39787959,,2021-05-05,499,False
39788109,,2021-05-05,630,False
39768691,,2021-05-05,528,False
39769837,2021-03-23,2021-05-05,688,True
39772356,,2021-05-05,821,False
39781587,2021-05-05,2021-05-05,580,True
39708686,2021-05-02,2021-05-05,488,True
39679452,,2021-05-05,8888,False
39685038,2021-04-16,2021-05-05,488,True
39636634,,2021-05-05,799,False
39638706,,2021-05-05,799,False
39635943,2021-05-05,2021-05-05,183,True
39638109,,2021-05-05,228,False
39636242,,2021-05-05,936,False
39658708,,2021-05-05,799,False
39620882,2021-04-30,2021-05-05,190,True
39618286,,2021-05-05,799,False
39549610,2021-04-11,2021-05-05,340,True
39562971,,2021-05-05,400,False
39545879,,2021-05-05,1188,False
39518462,,2021-05-05,300,False
39508387,2021-04-15,2021-05-05,366,True
39509011,2021-04-29,2021-05-05,422,True
39511119,,2021-05-05,457,False
39493736,2021-04-02,2021-05-05,250,True
39497389,2021-04-29,2021-05-05,1800,True
39476528,2021-03-05,2021-05-05,315,True
39479336,2021-03-05,2021-05-05,149,True
39454041,,2021-05-05,500,False
39455214,2021-05-05,2021-05-05,378,True
39427918,2021-05-05,2021-05-05,540,True
39428384,2021-05-05,2021-05-05,700,True
39429768,2021-05-04,2021-05-05,600,True
39413605,2021-03-05,2021-05-05,1099,True
39423459,,2021-05-05,650,False
39425949,2021-05-05,2021-05-05,500,True
39401140,,2021-05-05,700,False
39395573,,2021-05-05,300,False
39354986,2021-03-27,2021-05-05,599,True
39344102,2021-05-05,2021-05-05,999,True
39343640,2021-03-05,2021-05-05,298,True
39329925,,2021-05-05,500,False
39315654,,2021-05-05,628,False
39321246,,2021-05-05,346,False
39321648,2021-05-02,2021-05-05,788,True
39321844,,2021-05-05,279,False
39324035,2021-05-04,2021-05-05,300,True
39308462,,2021-05-05,974,False
39288517,,2021-05-05,400,False
39291476,,2021-05-05,398,False
39293756,2021-03-28,2021-05-05,182,True
39302032,2021-05-05,2021-05-05,633,True
39301747,2021-04-17,2021-05-05,399,True
39281991,2021-04-19,2021-05-05,558,True
39283407,2021-03-05,2021-05-05,458,True
39283326,2021-05-05,2021-05-05,320,True
39285348,2021-04-19,2021-05-05,331,True
39285690,2021-04-19,2021-05-05,328,True
39260534,2021-04-22,2021-05-05,358,True
39260745,,2021-05-05,350,False
39264398,,2021-05-05,533,False
39259083,,2021-05-05,400,False
39259686,,2021-05-05,1050,False
39234739,2021-03-22,2021-05-05,650,True
39234739,2021-03-22,2021-05-05,650,True
39212245,2021-03-05,2021-05-05,289,True
39213613,,2021-05-05,349,False
39162472,2021-05-05,2021-05-05,800,True
39162085,2021-05-05,2021-05-05,600,True
39157093,,2021-05-05,150,False
39144298,,2021-05-05,209,False
39135562,,2021-05-05,398,False
39137937,,2021-05-05,666,False
39140333,,2021-05-05,160,False
39128572,2021-03-05,2021-05-05,178,True
39118136,,2021-05-05,600,False
39122841,,2021-05-05,666,False
39102122,,2021-05-05,750,False
39103475,,2021-05-05,877,False
39104222,,2021-05-05,458,False
39114614,2021-05-05,2021-05-05,650,True
39067914,2021-05-05,2021-05-05,260,True
39048246,2021-05-05,2021-05-05,398,True
39041888,,2021-05-05,419,False
38999202,,2021-05-05,298,False
38998641,2021-03-20,2021-05-05,631,True
38985497,,2021-05-05,529,False
38987731,,2021-05-05,349,False
38962327,2021-05-05,2021-05-05,250,True
38935361,,2021-05-05,1188,False
38935838,,2021-05-05,1188,False
38935842,,2021-05-05,498,False
38936192,,2021-05-05,469,False
38936197,,2021-05-05,469,False
38922456,2021-04-26,2021-05-05,550,True
38938491,,2021-05-05,180,False
38924444,,2021-05-05,450,False
38924954,2021-03-05,2021-05-05,360,True
38917339,,2021-05-05,200,False
38911670,2021-05-05,2021-05-05,1199,True
38889807,,2021-05-05,459,False
38889199,,2021-05-05,302,False
38880389,2021-05-05,2021-05-05,159,True
38894828,,2021-05-05,680,False
38829998,,2021-05-05,71,False
38830333,,2021-05-05,71,False
38811443,,2021-05-05,348,False
38806490,,2021-05-05,180,False
38790386,,2021-05-05,399,False
38785742,,2021-05-05,428,False
38803284,,2021-05-05,542,False
38766927,,2021-05-05,650,False
38778162,2021-03-29,2021-05-05,988,True
38765900,,2021-05-05,650,False
38749347,,2021-05-05,439,False
38758824,,2021-05-05,180,False
38738688,2021-04-13,2021-05-05,898,True
38739850,2021-03-05,2021-05-05,232,True
38729905,,2021-05-05,2888,False
38730973,,2021-05-05,2888,False
38732061,,2021-05-05,2888,False
38685478,2021-05-04,2021-05-05,399,True
38684992,,2021-05-05,366,False
38708835,2021-04-13,2021-05-05,999,True
38707299,2021-03-05,2021-05-05,599,True
38707077,,2021-05-05,2888,False
38708664,,2021-05-05,590,False
38708214,,2021-05-05,550,False
38691690,2021-04-23,2021-05-05,1459,True
38672110,2021-03-05,2021-05-05,150,True
38683133,,2021-05-05,399,False
38639683,,2021-05-05,71,False
38635041,2021-05-05,2021-05-05,488,True
38630440,2021-04-22,2021-05-05,599,True
38627551,2021-04-29,2021-05-05,488,True
38608048,2021-03-12,2021-05-05,330,True
38610047,2021-05-04,2021-05-05,600,True
38553230,2021-04-17,2021-05-05,918,True
38525184,,2021-05-05,399,False
38507124,2021-03-30,2021-05-05,580,True
38507290,,2021-05-05,868,False
38471765,,2021-05-05,193,False
38483704,2021-03-05,2021-05-05,791,True
38446806,2021-03-25,2021-05-05,936,True
38453896,,2021-05-05,290,False
38442383,,2021-05-05,399,False
38413876,,2021-05-05,598,False
38414128,2021-03-05,2021-05-05,580,True
38413808,2021-03-05,2021-05-05,580,True
38415196,2021-05-05,2021-05-05,199,True
38389790,2021-05-05,2021-05-05,400,True
38367837,2021-05-05,2021-05-05,500,True
38374675,2021-04-28,2021-05-05,421,True
38388157,,2021-05-05,526,False
38341824,,2021-05-05,488,False
38331991,2021-04-27,2021-05-05,711,True
38332415,2021-04-27,2021-05-05,711,True
38334179,2021-05-04,2021-05-05,999,True
38335903,2021-05-01,2021-05-05,999,True
38328526,,2021-05-05,200,False
38304066,2021-05-05,2021-05-05,268,True
38273578,,2021-05-05,208,False
38305257,2021-05-05,2021-05-05,268,True
38268885,,2021-05-05,499,False
38242596,,2021-05-05,112,False
38220927,2021-04-07,2021-05-05,197,True
38220927,2021-04-07,2021-05-05,197,True
38210412,,2021-05-05,440,False
38192848,,2021-05-05,659,False
38196454,2021-05-04,2021-05-05,699,True
38179751,,2021-05-05,549,False
38196982,,2021-05-05,659,False
38192274,2021-03-29,2021-05-05,799,True
38177902,,2021-05-05,688,False
38193910,2021-04-13,2021-05-05,659,True
38167004,2021-05-05,2021-05-05,538,True
38167739,,2021-05-05,559,False
38133005,,2021-05-05,358,False
38115629,,2021-05-05,379,False
38120959,,2021-05-05,379,False
38121190,2021-05-01,2021-05-05,389,True
38107363,2021-03-05,2021-05-05,588,True
38111068,,2021-05-05,379,False
38109867,,2021-05-05,260,False
38055712,2021-03-05,2021-05-05,233,True
38040194,2021-05-05,2021-05-05,358,True
38027777,,2021-05-05,140,False
38000190,,2021-05-05,628,False
37979567,,2021-05-05,408,False
37954430,2021-04-01,2021-05-05,268,True
37955371,2021-04-14,2021-05-05,223,True
37953551,2021-04-12,2021-05-05,579,True
37946424,,2021-05-05,659,False
37893666,2021-03-27,2021-05-05,492,True
37843464,,2021-05-05,168,False
37818122,2021-05-05,2021-05-05,399,True
37824571,2021-05-03,2021-05-05,200,True
37840561,,2021-05-05,880,False
37799906,2021-05-04,2021-05-05,699,True
37810551,,2021-05-05,508,False
37793289,,2021-05-05,299,False
37766708,2021-05-04,2021-05-05,699,True
37754920,,2021-05-05,298,False
37739557,,2021-05-05,368,False
37727172,2021-04-22,2021-05-05,766,True
37687555,2021-03-05,2021-05-05,320,True
37656092,2021-03-05,2021-05-05,160,True
37574352,,2021-05-05,259,False
37538685,,2021-05-05,349,False
37489975,,2021-05-05,150,False
37505205,2021-04-10,2021-05-05,570,True
37481970,2021-03-05,2021-05-05,698,True
37471464,,2021-05-05,183,False
37463706,,2021-05-05,399,False
37441711,2021-04-27,2021-05-05,588,True
37400952,2021-05-05,2021-05-05,4526,True
37400719,2021-04-29,2021-05-05,200,True
37402314,,2021-05-05,2583,False
37384145,2021-04-03,2021-05-05,208,True
37366504,,2021-05-05,660,False
37342673,2021-05-05,2021-05-05,459,True
37330266,,2021-05-05,1200,False
37305159,2021-03-27,2021-05-05,209,True
37337940,2021-04-20,2021-05-05,228,True
37312446,,2021-05-05,180,False
37315042,,2021-05-05,888,False
37315356,2021-03-05,2021-05-05,299,True
37295899,,2021-05-05,69,False
37269551,2021-04-22,2021-05-05,788,True
37228830,2021-04-18,2021-05-05,350,True
37218343,2021-03-27,2021-05-05,567,True
37198128,,2021-05-05,259,False
37175082,2021-03-05,2021-05-05,99,True
37161866,2021-04-14,2021-05-05,659,True
37165708,2021-04-11,2021-05-05,799,True
37191454,2021-04-11,2021-05-05,799,True
37141981,2021-04-14,2021-05-05,659,True
37161094,2021-04-14,2021-05-05,659,True
37159223,2021-04-11,2021-05-05,799,True
37042993,,2021-05-05,888,False
37043545,,2021-05-05,499,False
37043752,2021-03-27,2021-05-05,659,True
37019747,2021-03-27,2021-05-05,820,True
36980625,,2021-05-05,320,False
36964466,,2021-05-05,2199,False
36937994,,2021-05-05,166,False
36927099,,2021-05-05,579,False
36928509,2021-04-23,2021-05-05,1359,True
36927982,,2021-05-05,489,False
36930153,,2021-05-05,450,False
36933439,2021-05-05,2021-05-05,519,True
36936204,,2021-05-05,166,False
36937460,,2021-05-05,166,False
36931596,,2021-05-05,105,False
36901554,2021-03-05,2021-05-05,480,True
36884252,2021-03-27,2021-05-05,228,True
36885525,2021-03-27,2021-05-05,260,True
36885451,2021-03-27,2021-05-05,260,True
36853184,2021-03-27,2021-05-05,202,True
36827507,2021-05-05,2021-05-05,300,True
36862764,2021-03-16,2021-05-05,980,True
36818490,2021-03-05,2021-05-05,657,True
36824344,2021-03-05,2021-05-05,188,True
36808917,2021-03-20,2021-05-05,318,True
36811218,2021-05-03,2021-05-05,220,True
36781195,,2021-05-05,166,False
36772034,2021-03-25,2021-05-05,512,True
36772577,2021-03-27,2021-05-05,549,True
36772766,2021-03-27,2021-05-05,549,True
36773420,2021-03-27,2021-05-05,549,True
36773585,2021-03-27,2021-05-05,549,True
36769909,2021-04-27,2021-05-05,369,True
36773515,2021-03-27,2021-05-05,549,True
36746525,2021-04-07,2021-05-05,398,True
36748126,2021-03-05,2021-05-05,588,True
36737792,2021-03-29,2021-05-05,799,True
36717245,2021-03-29,2021-05-05,799,True
36693930,,2021-05-05,388,False
36703289,2021-03-27,2021-05-05,200,True
36679330,,2021-05-05,166,False
36674786,2021-05-02,2021-05-05,557,True
36643876,2021-03-27,2021-05-05,142,True
36645590,2021-03-27,2021-05-05,6200,True
36652548,2021-03-29,2021-05-05,799,True
36651304,2021-03-05,2021-05-05,168,True
36642381,2021-03-27,2021-05-05,4230,True
36634435,,2021-05-05,128,False
36611724,2021-03-27,2021-05-05,350,True
36605803,,2021-05-05,568,False
36544692,,2021-05-05,466,False
36578769,2021-03-27,2021-05-05,5000,True
36553298,2021-05-04,2021-05-05,328,True
36571070,2021-03-27,2021-05-05,599,True
36554788,2021-05-04,2021-05-05,296,True
36568403,2021-04-14,2021-05-05,999,True
36507621,2021-05-05,2021-05-05,600,True
36468396,2021-03-27,2021-05-05,868,True
36417874,2021-05-03,2021-05-05,427,True
36394379,2021-03-27,2021-05-05,239,True
36396348,,2021-05-05,168,False
36392027,2021-03-27,2021-05-05,606,True
36339557,,2021-05-05,518,False
36327286,2021-03-27,2021-05-05,203,True
36320549,,2021-05-05,580,False
36327766,,2021-05-05,229,False
36288739,2021-04-24,2021-05-05,286,True
36269230,2021-03-05,2021-05-05,380,True
36296718,2021-03-05,2021-05-05,382,True
36279231,,2021-05-05,495,False
36294874,,2021-05-05,480,False
36266687,2021-04-27,2021-05-05,660,True
36226176,2021-04-06,2021-05-05,200,True
36242439,2021-03-27,2021-05-05,190,True
36247724,2021-03-27,2021-05-05,280,True
36202969,2021-03-27,2021-05-05,522,True
36211357,,2021-05-05,495,False
36154716,,2021-05-05,604,False
36190063,2021-03-27,2021-05-05,269,True
36162123,,2021-05-05,350,False
36113304,2021-03-27,2021-05-05,630,True
36150743,2021-03-27,2021-05-05,286,True
36090479,,2021-05-05,629,False
36095084,,2021-05-05,519,False
36080739,2021-04-27,2021-05-05,368,True
36045684,2021-05-05,2021-05-05,346,True
36051270,,2021-05-05,258,False
36039145,2021-03-27,2021-05-05,239,True
36056933,2021-04-15,2021-05-05,300,True
36056933,2021-04-15,2021-05-05,300,True
36009617,,2021-05-05,559,False
36010664,2021-04-26,2021-05-05,500,True
36014031,,2021-05-05,498,False
36018311,2021-05-04,2021-05-05,1580,True
36004694,2021-03-27,2021-05-05,180,True
35987655,,2021-05-05,629,False
35988380,2021-03-27,2021-05-05,200,True
35962281,,2021-05-05,128,False
35946579,2021-03-27,2021-05-05,380,True
35954392,2021-05-05,2021-05-05,598,True
35894836,,2021-05-05,88,False
35930657,2021-03-25,2021-05-05,338,True
35916082,2021-03-27,2021-05-05,550,True
35903877,2021-03-24,2021-05-05,128,True
35885582,2021-03-27,2021-05-05,190,True
35818747,,2021-05-05,155,False
35771951,2021-05-03,2021-05-05,489,True
35748817,,2021-05-05,499,False
35778513,2021-03-27,2021-05-05,269,True
35734111,2021-03-27,2021-05-05,181,True
35694529,2021-05-04,2021-05-05,744,True
35715404,2021-03-16,2021-05-05,168,True
35703923,2021-03-15,2021-05-05,557,True
35675179,2021-03-27,2021-05-05,405,True
35659482,2021-03-27,2021-05-05,666,True
35668764,,2021-05-05,9999,False
35618980,,2021-05-05,580,False
35627774,2021-03-13,2021-05-05,499,True
35621940,2021-05-05,2021-05-05,378,True
35545920,2021-03-05,2021-05-05,450,True
35547385,2021-03-27,2021-05-05,221,True
35552574,2021-04-08,2021-05-05,1988,True
35552423,2021-03-27,2021-05-05,179,True
35551959,2021-03-27,2021-05-05,149,True
35525427,2021-03-05,2021-05-05,423,True
35532340,,2021-05-05,559,False
35519085,2021-03-27,2021-05-05,230,True
35496158,2021-03-27,2021-05-05,566,True
35468124,2021-03-27,2021-05-05,245,True
35478830,2021-03-27,2021-05-05,215,True
35450383,,2021-05-05,362,False
35416302,2021-05-04,2021-05-05,899,True
35427475,2021-03-27,2021-05-05,628,True
35428255,2021-03-05,2021-05-05,368,True
35405482,2021-03-27,2021-05-05,228,True
35411601,,2021-05-05,328,False
35341348,2021-04-11,2021-05-05,380,True
35358857,,2021-05-05,150,False
35325080,2021-03-05,2021-05-05,458,True
35319006,2021-04-27,2021-05-05,388,True
35323311,2021-03-27,2021-05-05,759,True
35288830,2021-04-24,2021-05-05,489,True
35290542,2021-04-17,2021-05-05,728,True
35247239,2021-03-27,2021-05-05,210,True
35238644,,2021-05-05,248,False
35257560,2021-03-27,2021-05-05,349,True
35200541,2021-04-12,2021-05-05,450,True
35207732,2021-03-27,2021-05-05,349,True
35217985,,2021-05-05,688,False
35235175,,2021-05-05,349,False
35234597,2021-03-19,2021-05-05,383,True
35237175,,2021-05-05,385,False
35235351,2021-03-19,2021-05-05,322,True
35171838,2021-04-22,2021-05-05,999,True
35172683,2021-04-19,2021-05-05,999,True
35149131,,2021-05-05,479,False
35171243,2021-04-02,2021-05-05,1088,True
35112663,,2021-05-05,799,False
35112389,2021-04-14,2021-05-05,629,True
35097252,,2021-05-05,629,False
35097252,,2021-05-05,629,False
35097098,,2021-05-05,559,False
35100129,,2021-05-05,579,False
35074081,2021-03-27,2021-05-05,260,True
35055958,2021-04-29,2021-05-05,369,True
35012035,2021-03-27,2021-05-05,225,True
34992920,2021-05-05,2021-05-05,288,True
34959957,2021-04-16,2021-05-05,499,True
34916724,2021-03-27,2021-05-05,250,True
34924277,2021-05-05,2021-05-05,268,True
34917033,2021-03-27,2021-05-05,527,True
34875176,2021-04-24,2021-05-05,258,True
34913152,2021-03-27,2021-05-05,170,True
34913510,2021-03-27,2021-05-05,200,True
34842769,2021-03-27,2021-05-05,238,True
34823903,2021-05-04,2021-05-05,1949,True
34795771,2021-03-27,2021-05-05,1900,True
34761015,2021-04-17,2021-05-05,588,True
34759600,2021-03-27,2021-05-05,210,True
34756019,2021-05-03,2021-05-05,699,True
34752906,,2021-05-05,628,False
34730183,2021-03-27,2021-05-05,368,True
34690260,2021-03-27,2021-05-05,200,True
34665528,2021-03-27,2021-05-05,203,True
34666543,2021-04-03,2021-05-05,292,True
34606195,2021-03-27,2021-05-05,190,True
34629549,2021-03-27,2021-05-05,653,True
34565287,2021-03-05,2021-05-05,598,True
34576917,2021-05-04,2021-05-05,420,True
34576817,2021-03-24,2021-05-05,193,True
34589403,2021-05-03,2021-05-05,299,True
34576686,2021-05-03,2021-05-05,409,True
34558699,2021-03-27,2021-05-05,300,True
34557745,2021-03-27,2021-05-05,368,True
34514886,2021-03-27,2021-05-05,1500,True
34493154,2021-03-27,2021-05-05,405,True
34467792,2021-03-27,2021-05-05,287,True
34483239,2021-03-27,2021-05-05,378,True
34451138,2021-04-28,2021-05-05,508,True
34449457,2021-03-27,2021-05-05,228,True
34427563,2021-03-27,2021-05-05,250,True
34427397,2021-05-04,2021-05-05,280,True
34403268,2021-03-27,2021-05-05,251,True
34404879,2021-03-27,2021-05-05,186,True
34407218,2021-03-27,2021-05-05,104,True
34399118,2021-03-27,2021-05-05,220,True
34368341,2021-03-27,2021-05-05,600,True
34329713,2021-03-27,2021-05-05,258,True
34314608,2021-03-27,2021-05-05,2500,True
34331659,2021-03-27,2021-05-05,275,True
34318129,2021-04-17,2021-05-05,1088,True
34323929,2021-03-26,2021-05-05,283,True
34322373,2021-03-24,2021-05-05,687,True
34323861,2021-04-09,2021-05-05,298,True
34296420,2021-03-27,2021-05-05,558,True
34288974,,2021-05-05,735,False
34295230,2021-04-19,2021-05-05,558,True
34300033,2021-03-27,2021-05-05,280,True
34260121,2021-03-27,2021-05-05,558,True
34263757,2021-04-22,2021-05-05,460,True
34242210,2021-03-27,2021-05-05,448,True
34236832,2021-04-30,2021-05-05,590,True
34164631,2021-03-27,2021-05-05,1000,True
34167389,2021-05-04,2021-05-05,469,True
34134425,2021-03-18,2021-05-05,110,True
34158838,2021-03-16,2021-05-05,868,True
34126919,2021-05-04,2021-05-05,498,True
34094741,2021-03-27,2021-05-05,378,True
34070551,2021-03-27,2021-05-05,216,True
34058147,2021-03-10,2021-05-05,339,True
34065355,2021-03-05,2021-05-05,358,True
34038303,2021-03-05,2021-05-05,358,True
34030757,,2021-05-05,548,False
34024751,2021-03-27,2021-05-05,175,True
34003064,2021-03-27,2021-05-05,216,True
33975141,2021-03-27,2021-05-05,85,True
33947220,2021-04-17,2021-05-05,129,True
33963246,,2021-05-05,499,False
33952392,2021-03-19,2021-05-05,228,True
33915359,2021-03-20,2021-05-05,488,True
33897614,,2021-05-05,288,False
33882432,2021-04-17,2021-05-05,688,True
33882741,2021-03-05,2021-05-05,880,True
33867014,,2021-05-05,698,False
33865370,2021-03-05,2021-05-05,120,True
33825695,2021-03-27,2021-05-05,356,True
33837216,2021-03-27,2021-05-05,280,True
33837514,2021-03-20,2021-05-05,1380,True
33813312,2021-03-27,2021-05-05,200,True
33792268,2021-03-05,2021-05-05,666,True
33758705,2021-03-27,2021-05-05,260,True
33759002,2021-03-27,2021-05-05,312,True
33720717,2021-03-05,2021-05-05,207,True
33727310,,2021-05-05,152,False
33704548,2021-03-27,2021-05-05,198,True
33698491,2021-03-05,2021-05-05,169,True
33680161,2021-03-27,2021-05-05,427,True
33663780,2021-03-05,2021-05-05,528,True
33632252,2021-03-05,2021-05-05,321,True
33607277,,2021-05-05,688,False
33605031,2021-03-10,2021-05-05,388,True
33608361,2021-05-03,2021-05-05,398,True
33581493,2021-03-27,2021-05-05,4000,True
33594881,2021-03-16,2021-05-05,250,True
33571450,2021-03-27,2021-05-05,287,True
33577160,,2021-05-05,368,False
33515309,,2021-05-05,412,False
33483011,2021-03-22,2021-05-05,499,True
33490969,2021-04-22,2021-05-05,388,True
33479367,2021-03-22,2021-05-05,288,True
33446531,2021-04-13,2021-05-05,868,True
33436521,2021-04-28,2021-05-05,488,True
33406166,2021-03-27,2021-05-05,3200,True
33381445,2021-03-27,2021-05-05,150,True
33375502,2021-03-05,2021-05-05,588,True
33333979,2021-05-02,2021-05-05,427,True
33336006,2021-04-27,2021-05-05,556,True
33318731,2021-03-27,2021-05-05,170,True
33297036,2021-03-05,2021-05-05,1299,True
33265134,2021-03-27,2021-05-05,199,True
33228120,2021-03-27,2021-05-05,200,True
33232246,2021-03-05,2021-05-05,310,True
33233870,,2021-05-05,399,False
33229863,2021-03-27,2021-05-05,200,True
33172713,2021-03-05,2021-05-05,865,True
33125708,2021-03-27,2021-05-05,9999,True
33126796,,2021-05-05,435,False
33122265,2021-03-27,2021-05-05,177,True
33120852,2021-03-27,2021-05-05,230,True
33118284,2021-03-27,2021-05-05,203,True
33026611,,2021-05-05,149,False
33033654,2021-04-22,2021-05-05,228,True
32934778,2021-03-26,2021-05-05,318,True
32890908,,2021-05-05,469,False
32850135,2021-03-16,2021-05-05,529,True
32824253,2021-03-27,2021-05-05,170,True
32796050,,2021-05-05,67,False
32769842,2021-04-24,2021-05-05,328,True
32773888,2021-03-27,2021-05-05,300,True
32774770,2021-05-05,2021-05-05,233,True
32747879,2021-05-02,2021-05-05,520,True
32748278,2021-04-26,2021-05-05,468,True
32732813,2021-05-04,2021-05-05,499,True
32649700,2021-05-03,2021-05-05,768,True
32624915,2021-03-27,2021-05-05,120,True
32481505,2021-04-12,2021-05-05,2588,True
32419352,2021-04-26,2021-05-05,520,True
32435159,,2021-05-05,999,False
32411204,2021-03-05,2021-05-05,528,True
32355986,2021-03-05,2021-05-05,120,True
32329190,2021-04-08,2021-05-05,539,True
32248046,,2021-05-05,99,False
32233176,2021-03-27,2021-05-05,1000,True
32192370,2021-04-27,2021-05-05,300,True
32194587,2021-04-20,2021-05-05,397,True
32079032,,2021-05-05,650,False
32031658,2021-03-05,2021-05-05,389,True
32034763,2021-04-29,2021-05-05,698,True
32047437,2021-05-01,2021-05-05,698,True
32047700,,2021-05-05,698,False
31977375,2021-04-12,2021-05-05,2588,True
31918095,2021-05-01,2021-05-05,499,True
31931978,2021-03-19,2021-05-05,238,True
31934177,2021-05-03,2021-05-05,303,True
31934376,,2021-05-05,70,False
31935608,2021-03-31,2021-05-05,558,True
31937614,2021-03-24,2021-05-05,499,True
31912970,,2021-05-05,698,False
31862462,,2021-05-05,339,False
31854400,,2021-05-05,520,False
31795704,2021-03-27,2021-05-05,519,True
31764839,2021-05-05,2021-05-05,168,True
31765327,,2021-05-05,280,False
31724935,,2021-05-05,488,False
31738650,2021-03-11,2021-05-05,229,True
31724105,2021-03-05,2021-05-05,526,True
31699639,,2021-05-05,256,False
31684456,2021-03-27,2021-05-05,400,True
31695780,,2021-05-05,152,False
31680395,,2021-05-05,329,False
31633303,2021-03-27,2021-05-05,550,True
31636812,2021-04-26,2021-05-05,239,True
31571361,2021-04-28,2021-05-05,888,True
31487721,,2021-05-05,380,False
31500246,2021-03-27,2021-05-05,500,True
31471233,2021-05-05,2021-05-05,199,True
31508499,2021-04-06,2021-05-05,899,True
31475478,2021-04-19,2021-05-05,98,True
31301218,,2021-05-05,398,False
31269900,,2021-05-05,450,False
31217129,,2021-05-05,499,False
31225327,2021-03-20,2021-05-05,289,True
31181897,,2021-05-05,679,False
31137959,2021-05-04,2021-05-05,618,True
31179616,2021-04-03,2021-05-05,168,True
31156488,2021-04-19,2021-05-05,328,True
31175027,,2021-05-05,428,False
31103933,,2021-05-05,389,False
31089480,2021-03-05,2021-05-05,350,True
31049042,2021-03-27,2021-05-05,398,True
31002802,2021-05-04,2021-05-05,507,True
30965291,2021-04-24,2021-05-05,388,True
30964720,2021-04-22,2021-05-05,880,True
30970593,2021-03-31,2021-05-05,239,True
30973029,2021-03-24,2021-05-05,249,True
31011475,2021-03-04,2021-05-05,218,True
30999739,2021-03-27,2021-05-05,500,True
30974545,2021-03-05,2021-05-05,508,True
30974874,,2021-05-05,488,False
30859403,2021-03-05,2021-05-05,420,True
30806636,,2021-05-05,469,False
30799671,2021-03-27,2021-05-05,680,True
30802365,2021-03-27,2021-05-05,488,True
30717160,2021-03-27,2021-05-05,400,True
30696915,2021-03-05,2021-05-05,800,True
30694824,2021-05-05,2021-05-05,249,True
30609223,2021-03-27,2021-05-05,368,True
30644392,2021-03-14,2021-05-05,259,True
30539662,,2021-05-05,428,False
30512492,2021-04-24,2021-05-05,250,True
30478508,2021-03-27,2021-05-05,400,True
30431661,,2021-05-05,368,False
30487241,2021-03-27,2021-05-05,699,True
30457389,2021-04-27,2021-05-05,998,True
30440741,2021-03-27,2021-05-05,1888,True
30333468,2021-04-27,2021-05-05,602,True
30334329,2021-03-27,2021-05-05,199,True
30283041,,2021-05-05,758,False
30300968,2021-03-05,2021-05-05,799,True
30260856,2021-05-05,2021-05-05,245,True
30260738,2021-03-05,2021-05-05,245,True
30260738,2021-03-05,2021-05-05,245,True
30224063,2021-05-04,2021-05-05,199,True
30234531,2021-04-26,2021-05-05,328,True
30182750,,2021-05-05,328,False
30185342,2021-04-30,2021-05-05,86,True
30117267,2021-03-05,2021-05-05,309,True
30131541,2021-05-03,2021-05-05,518,True
30093818,2021-05-05,2021-05-05,729,True
30070069,2021-04-18,2021-05-05,498,True
30022850,2021-03-27,2021-05-05,550,True
30027343,,2021-05-05,372,False
30046605,2021-03-27,2021-05-05,676,True
29997271,2021-03-05,2021-05-05,365,True
30004243,2021-03-05,2021-05-05,498,True
29954011,,2021-05-05,556,False
29898981,,2021-05-05,665,False
29914875,2021-03-27,2021-05-05,1888,True
29915553,2021-03-27,2021-05-05,2288,True
29910208,2021-03-27,2021-05-05,1888,True
29914880,2021-03-27,2021-05-05,1888,True
29910658,2021-03-27,2021-05-05,1888,True
29883905,2021-04-14,2021-05-05,272,True
29873056,,2021-05-05,378,False
29840776,2021-04-23,2021-05-05,999,True
29751877,2021-03-05,2021-05-05,578,True
29749038,2021-03-27,2021-05-05,166,True
29717111,2021-05-01,2021-05-05,426,True
29701214,2021-03-27,2021-05-05,166,True
29643402,2021-03-05,2021-05-05,990,True
29621060,2021-04-02,2021-05-05,499,True
29520129,2021-03-27,2021-05-05,7000,True
29473415,,2021-05-05,452,False
29528450,2021-04-21,2021-05-05,1000,True
29505362,2021-03-27,2021-05-05,262,True
29445223,2021-05-02,2021-05-05,557,True
29380751,2021-03-17,2021-05-05,338,True
29383158,2021-05-02,2021-05-05,358,True
29396101,,2021-05-05,499,False
29284423,2021-05-05,2021-05-05,45000,True
29293704,2021-04-02,2021-05-05,498,True
29220724,2021-04-18,2021-05-05,338,True
29241199,,2021-05-05,369,False
29234028,2021-04-22,2021-05-05,288,True
29228761,2021-03-28,2021-05-05,478,True
29273758,2021-03-27,2021-05-05,350,True
29191065,2021-03-24,2021-05-05,798,True
29071244,,2021-05-05,699,False
28995527,2021-03-27,2021-05-05,400,True
29014184,2021-04-08,2021-05-05,368,True
28948755,2021-03-31,2021-05-05,439,True
28969769,,2021-05-05,699,False
28909057,2021-04-18,2021-05-05,489,True
28908023,2021-03-27,2021-05-05,688,True
28869835,2021-04-15,2021-05-05,1039,True
28857453,,2021-05-05,398,False
28838360,,2021-05-05,750,False
28771309,2021-04-30,2021-05-05,248,True
28791742,2021-04-30,2021-05-05,458,True
28776040,2021-03-27,2021-05-05,268,True
28710351,2021-05-05,2021-05-05,499,True
28647160,,2021-05-05,558,False
28621176,2021-03-31,2021-05-05,299,True
28624690,2021-05-03,2021-05-05,618,True
28591981,,2021-05-05,699,False
28576546,2021-04-02,2021-05-05,218,True
28525857,2021-03-27,2021-05-05,300,True
28469982,2021-04-09,2021-05-05,496,True
28276529,2021-03-27,2021-05-05,136,True
28217453,2021-03-16,2021-05-05,408,True
28226876,2021-05-04,2021-05-05,329,True
28242657,2021-04-22,2021-05-05,328,True
28195620,,2021-05-05,371,False
28212079,2021-05-05,2021-05-05,383,True
28205536,2021-03-26,2021-05-05,700,True
28172945,2021-03-27,2021-05-05,208,True
28151415,2021-04-11,2021-05-05,354,True
28059298,,2021-05-05,688,False
27968510,2021-03-05,2021-05-05,388,True
27884548,2021-04-29,2021-05-05,550,True
27841021,2021-03-27,2021-05-05,178,True
27845588,2021-03-05,2021-05-05,358,True
27787947,2021-03-05,2021-05-05,388,True
27796494,2021-04-02,2021-05-05,385,True
27796705,2021-03-27,2021-05-05,274,True
27754333,2021-04-18,2021-05-05,1099,True
27776931,2021-05-04,2021-05-05,398,True
27767737,2021-03-27,2021-05-05,227,True
27698316,,2021-05-05,469,False
27672650,2021-04-09,2021-05-05,588,True
27705079,2021-04-23,2021-05-05,428,True
27697896,,2021-05-05,598,False
27708205,2021-05-05,2021-05-05,199,True
27670511,,2021-05-05,488,False
27538755,2021-05-05,2021-05-05,300,True
27511434,2021-04-17,2021-05-05,650,True
27522889,2021-03-27,2021-05-05,298,True
27533473,2021-04-17,2021-05-05,888,True
27516847,,2021-05-05,257,False
27340859,,2021-05-05,68,False
27296605,2021-05-05,2021-05-05,598,True
27190316,,2021-05-05,450,False
27125440,2021-03-16,2021-05-05,199,True
27020393,2021-03-05,2021-05-05,380,True
27036976,2021-03-27,2021-05-05,200,True
26922092,2021-04-26,2021-05-05,297,True
26877236,,2021-05-05,399,False
26880302,2021-03-05,2021-05-05,578,True
26847098,2021-03-27,2021-05-05,217,True
26815704,,2021-05-05,428,False
26760585,2021-03-05,2021-05-05,598,True
26648996,2021-05-05,2021-05-05,235,True
26536430,2021-03-10,2021-05-05,588,True
26459203,2021-03-27,2021-05-05,280,True
26477687,2021-03-16,2021-05-05,348,True
26375346,2021-04-17,2021-05-05,628,True
26315032,2021-03-23,2021-05-05,671,True
26246293,2021-05-02,2021-05-05,479,True
26235016,2021-03-05,2021-05-05,427,True
26188324,2021-05-03,2021-05-05,909,True
26139085,2021-03-27,2021-05-05,258,True
26142253,,2021-05-05,428,False
26084340,,2021-05-05,1139,False
26125334,2021-03-24,2021-05-05,588,True
26095510,2021-04-30,2021-05-05,99,True
26096338,2021-03-05,2021-05-05,980,True
26095560,2021-03-27,2021-05-05,97,True
26014743,2021-03-22,2021-05-05,360,True
26014589,2021-03-27,2021-05-05,600,True
25996654,2021-03-27,2021-05-05,219,True
25964192,2021-05-03,2021-05-05,798,True
25852147,,2021-05-05,188,False
25817634,2021-04-07,2021-05-05,258,True
25722764,2021-03-05,2021-05-05,1099,True
25569461,,2021-05-05,392,False
25516344,2021-04-16,2021-05-05,278,True
25475305,2021-03-27,2021-05-05,468,True
25446742,2021-03-27,2021-05-05,500,True
25404966,,2021-05-05,6666,False
25369503,2021-05-01,2021-05-05,750,True
25355755,2021-05-05,2021-05-05,528,True
25273435,2021-04-24,2021-05-05,322,True
25295322,,2021-05-05,398,False
25180533,2021-03-27,2021-05-05,98,True
25126246,,2021-05-05,1500,False
25139904,2021-05-05,2021-05-05,369,True
25101631,2021-03-22,2021-05-05,305,True
24904888,,2021-05-05,7688,False
24904888,,2021-05-05,7688,False
24863067,,2021-05-05,1188,False
24838494,,2021-05-05,67,False
24787503,2021-04-16,2021-05-05,589,True
24791158,2021-04-27,2021-05-05,168,True
24746622,2021-03-05,2021-05-05,278,True
24756167,2021-03-05,2021-05-05,419,True
24764803,2021-03-27,2021-05-05,328,True
24738435,2021-04-17,2021-05-05,298,True
24702135,2021-03-27,2021-05-05,2388,True
24693313,2021-04-17,2021-05-05,158,True
24705921,2021-03-24,2021-05-05,398,True
24701438,2021-03-27,2021-05-05,1888,True
24680268,2021-03-05,2021-05-05,518,True
24670547,2021-04-12,2021-05-05,1599,True
24611126,2021-03-27,2021-05-05,1888,True
24606308,2021-03-17,2021-05-05,668,True
24597423,2021-03-06,2021-05-05,325,True
24463717,2021-03-27,2021-05-05,249,True
24477987,2021-03-27,2021-05-05,368,True
24456798,2021-03-27,2021-05-05,2688,True
24458662,2021-05-03,2021-05-05,5888,True
24423553,2021-03-27,2021-05-05,268,True
24437029,2021-04-20,2021-05-05,312,True
24395585,2021-03-24,2021-05-05,300,True
24398891,,2021-05-05,369,False
23984456,,2021-05-05,388,False
23893271,2021-03-27,2021-05-05,300,True
23882330,2021-03-05,2021-05-05,238,True
23803175,,2021-05-05,499,False
23814335,2021-05-04,2021-05-05,208,True
23650344,2021-03-27,2021-05-05,600,True
23598687,,2021-05-05,346,False
23569717,2021-03-27,2021-05-05,660,True
23547611,,2021-05-05,888,False
23263775,2021-04-24,2021-05-05,208,True
23191283,,2021-05-05,268,False
23222296,2021-03-05,2021-05-05,558,True
23138621,2021-03-24,2021-05-05,1198,True
23120866,2021-03-06,2021-05-05,299,True
23118829,2021-05-04,2021-05-05,338,True
23118829,2021-05-04,2021-05-05,338,True
23063753,2021-03-05,2021-05-05,898,True
23078963,2021-04-27,2021-05-05,254,True
22987696,,2021-05-05,799,False
22988191,,2021-05-05,743,False
23009986,,2021-05-05,299,False
22944894,,2021-05-05,598,False
22966977,2021-05-05,2021-05-05,989,True
22974265,,2021-05-05,359,False
22935614,,2021-05-05,688,False
22912531,,2021-05-05,700,False
22890375,,2021-05-05,799,False
22894687,2021-03-27,2021-05-05,700,True
22764138,,2021-05-05,240,False
22790300,2021-03-27,2021-05-05,348,True
22707731,2021-03-21,2021-05-05,590,True
22676763,2021-04-17,2021-05-05,788,True
22634460,2021-03-27,2021-05-05,500,True
22569008,2021-04-22,2021-05-05,1280,True
22605697,2021-05-02,2021-05-05,408,True
22463120,,2021-05-05,328,False
22438755,,2021-05-05,549,False
22414107,,2021-05-05,758,False
22390038,2021-03-24,2021-05-05,498,True
22359678,,2021-05-05,599,False
22260564,2021-03-05,2021-05-05,400,True
22260564,2021-03-05,2021-05-05,400,True
22217214,,2021-05-05,159,False
22223910,,2021-05-05,199,False
22224506,,2021-05-05,179,False
22225687,,2021-05-05,139,False
22231388,2021-03-05,2021-05-05,530,True
22244542,,2021-05-05,169,False
22244757,2021-04-12,2021-05-05,219,True
22209981,,2021-05-05,369,False
22216981,,2021-05-05,149,False
22111643,,2021-05-05,3988,False
22111491,,2021-05-05,7800,False
22014029,2021-05-03,2021-05-05,400,True
21887579,,2021-05-05,1198,False
21916475,,2021-05-05,358,False
21887257,2021-03-29,2021-05-05,188,True
21857802,2021-05-03,2021-05-05,79,True
21819186,2021-04-20,2021-05-05,368,True
21722515,2021-04-23,2021-05-05,488,True
21763470,,2021-05-05,200,False
21763983,2021-03-20,2021-05-05,288,True
21690483,2021-03-05,2021-05-05,558,True
21650917,2021-04-08,2021-05-05,258,True
21655193,2021-05-05,2021-05-05,199,True
21556676,2021-04-16,2021-05-05,4980,True
21583173,,2021-05-05,299,False
21524396,2021-03-27,2021-05-05,567,True
21484257,2021-03-05,2021-05-05,498,True
21498783,,2021-05-05,888,False
21433333,,2021-05-05,632,False
21350377,2021-03-29,2021-05-05,420,True
21364476,,2021-05-05,369,False
21220328,2021-03-06,2021-05-05,411,True
21157246,,2021-05-05,337,False
21129117,2021-04-20,2021-05-05,368,True
21131081,2021-04-27,2021-05-05,428,True
21141760,2021-05-05,2021-05-05,188,True
21145263,,2021-05-05,599,False
21059824,2021-03-06,2021-05-05,689,True
21106431,,2021-05-05,338,False
21113419,,2021-05-05,599,False
21070336,,2021-05-05,499,False
21082464,,2021-05-05,650,False
21062181,2021-04-04,2021-05-05,150,True
21000725,2021-04-20,2021-05-05,288,True
21001465,2021-04-20,2021-05-05,288,True
21045162,2021-03-06,2021-05-05,328,True
21045460,2021-03-27,2021-05-05,328,True
21014597,2021-04-19,2021-05-05,328,True
21015799,2021-04-05,2021-05-05,358,True
21033965,2021-03-27,2021-05-05,299,True
20996452,,2021-05-05,799,False
20973898,2021-03-27,2021-05-05,350,True
20974183,2021-04-26,2021-05-05,180,True
20973767,,2021-05-05,324,False
20776504,2021-03-27,2021-05-05,488,True
20787168,2021-03-27,2021-05-05,4800,True
20736715,2021-04-20,2021-05-05,299,True
20735845,2021-03-17,2021-05-05,439,True
20750728,,2021-05-05,350,False
20700923,2021-03-06,2021-05-05,398,True
20715864,2021-04-23,2021-05-05,788,True
20497055,2021-03-27,2021-05-05,453,True
20579746,2021-04-20,2021-05-05,365,True
20559232,2021-03-27,2021-05-05,599,True
20441948,,2021-05-05,999,False
20364592,,2021-05-05,664,False
20258360,2021-03-27,2021-05-05,588,True
20262903,2021-05-05,2021-05-05,628,True
20275431,2021-03-06,2021-05-05,472,True
20237056,2021-04-29,2021-05-05,300,True
20196425,2021-03-27,2021-05-05,556,True
20235083,2021-03-31,2021-05-05,225,True
20148438,,2021-05-05,500,False
20179421,2021-04-23,2021-05-05,320,True
20106937,,2021-05-05,1104,False
20095073,,2021-05-05,348,False
20077073,2021-03-08,2021-05-05,500,True
19912997,2021-04-27,2021-05-05,398,True
19922676,2021-03-07,2021-05-05,478,True
19845996,,2021-05-05,408,False
19864661,2021-03-06,2021-05-05,498,True
19880888,2021-04-20,2021-05-05,199,True
19838654,2021-03-06,2021-05-05,799,True
19651762,2021-04-17,2021-05-05,488,True
19595873,2021-03-27,2021-05-05,171,True
19534735,2021-03-24,2021-05-05,788,True
19509140,2021-03-27,2021-05-05,1198,True
19530841,2021-04-05,2021-05-05,558,True
19393467,,2021-05-05,442,False
19347509,,2021-05-05,299,False
19275403,,2021-05-05,442,False
19164930,2021-03-05,2021-05-05,650,True
19273070,2021-03-20,2021-05-05,338,True
19168243,2021-03-27,2021-05-05,289,True
45624944,2021-03-12,2021-05-05,317,True
45519398,2021-05-05,2021-05-05,399,True
45519567,2021-04-21,2021-05-05,399,True
43461230,2021-03-05,2021-05-05,498,True
43435487,2021-03-05,2021-05-05,562,True
18922108,2021-04-27,2021-05-05,490,True
19027013,2021-05-04,2021-05-05,519,True
18833331,2021-03-06,2021-05-05,200,True
18846894,2021-03-17,2021-05-05,558,True
18812250,2021-04-23,2021-05-05,750,True
18727314,2021-04-11,2021-05-05,113,True
18593467,2021-05-05,2021-05-05,388,True
18591989,2021-03-27,2021-05-05,358,True
18602154,2021-04-23,2021-05-05,199,True
18477438,2021-03-16,2021-05-05,230,True
18575860,,2021-05-05,108,False
18509179,2021-05-04,2021-05-05,328,True
18513252,2021-03-21,2021-05-05,185,True
18519837,,2021-05-05,439,False
18434473,2021-04-23,2021-05-05,499,True
18463265,2021-04-24,2021-05-05,499,True
18368592,2021-03-07,2021-05-05,266,True
18355138,2021-04-26,2021-05-05,258,True
18361200,2021-05-05,2021-05-05,925,True
18363601,2021-04-06,2021-05-05,178,True
18318213,,2021-05-05,288,False
18276029,2021-03-06,2021-05-05,568,True
18282941,2021-04-23,2021-05-05,499,True
17996137,,2021-05-05,120,False
17821799,2021-04-28,2021-05-05,459,True
17720202,,2021-05-05,268,False
17755828,2021-05-05,2021-05-05,239,True
17759971,2021-05-05,2021-05-05,249,True
17483117,2021-03-06,2021-05-05,269,True
17430879,2021-05-04,2021-05-05,248,True
17306645,2021-03-27,2021-05-05,229,True
17339272,,2021-05-05,724,False
17246889,2021-03-06,2021-05-05,700,True
17182383,2021-03-24,2021-05-05,361,True
17129113,,2021-05-05,118,False
16988510,,2021-05-05,168,False
17015475,,2021-05-05,980,False
16628003,,2021-05-05,300,False
16564186,,2021-05-05,326,False
16481662,2021-03-27,2021-05-05,169,True
16419060,2021-03-27,2021-05-05,1399,True
16343748,2021-04-06,2021-05-05,899,True
16309604,2021-03-06,2021-05-05,2199,True
16314722,2021-03-27,2021-05-05,228,True
16307893,2021-03-27,2021-05-05,199,True
16147555,2021-03-06,2021-05-05,2199,True
16181814,2021-03-16,2021-05-05,250,True
16197482,2021-03-06,2021-05-05,640,True
16119006,2021-03-10,2021-05-05,850,True
16023296,,2021-05-05,329,False
16044341,2021-03-16,2021-05-05,239,True
16041849,2021-04-19,2021-05-05,384,True
15957317,2021-03-29,2021-05-05,358,True
15959441,2021-03-06,2021-05-05,779,True
15981215,,2021-05-05,9999,False
16010509,,2021-05-05,798,False
15956867,,2021-05-05,145,False
15909567,,2021-05-05,158,False
15838923,2021-04-05,2021-05-05,270,True
15850273,,2021-05-05,449,False
15759794,2021-04-04,2021-05-05,230,True
15761770,2021-04-16,2021-05-05,388,True
15782458,2021-03-18,2021-05-05,358,True
15794547,2021-03-06,2021-05-05,258,True
15707889,,2021-05-05,286,False
15591009,2021-03-16,2021-05-05,3500,True
15610878,,2021-05-05,313,False
15627186,2021-05-05,2021-05-05,598,True
15647697,,2021-05-05,1800,False
15548002,2021-04-06,2021-05-05,110,True
15552352,,2021-05-05,558,False
15366083,2021-03-16,2021-05-05,550,True
15316180,,2021-05-05,498,False
15240879,2021-04-16,2021-05-05,750,True
15279648,2021-03-27,2021-05-05,298,True
15361172,2021-04-16,2021-05-05,750,True
15197537,,2021-05-05,268,False
15173055,2021-03-21,2021-05-05,349,True
15079834,2021-04-29,2021-05-05,598,True
15108760,2021-03-06,2021-05-05,262,True
14888953,2021-03-27,2021-05-05,220,True
14781757,2021-04-14,2021-05-05,650,True
14342033,2021-05-04,2021-05-05,1288,True
14255119,2021-03-27,2021-05-05,198,True
14042177,2021-04-23,2021-05-05,398,True
14057724,2021-04-23,2021-05-05,307,True
13835980,2021-05-05,2021-05-05,699,True
13825953,2021-04-14,2021-05-05,620,True
13743575,2021-03-27,2021-05-05,450,True
13707679,2021-03-06,2021-05-05,204,True
13716816,2021-03-06,2021-05-05,988,True
13594679,2021-03-06,2021-05-05,498,True
13482023,2021-04-14,2021-05-05,648,True
13517054,2021-03-10,2021-05-05,302,True
13594930,2021-03-06,2021-05-05,428,True
13398633,2021-03-27,2021-05-05,488,True
13385326,2021-05-05,2021-05-05,199,True
